idx,site_id,site_name_proposed,source,name_basin,lon,lat,total_score,bulkley_falls_downstream,floodplain_ind,owner_type,name_wet_house,house,clan,clan_english,chiefs,model_spawning_ch,model_spawning_co,model_spawning_st,model_spawning_ch_score,model_spawning_co_score,model_spawning_st_score,model_rearing_ch,model_rearing_co,model_rearing_st,model_rearing_ch_score,model_rearing_co_score,model_rearing_st_score,gate_diagnostic_certainty,gate_active_degradation_clear,gate_access_willingness,project_type,watershed_function_gain,root_cause_alignment,scale_of_benefit_ha,fish_habitat_connectivity,probability_of_success,cultural_significance,collective_wellbeing,passive_first_bonus,delivery_bucket,framework_score,notes
1,NA,NA,sites_poly,Bulkley JDavid-Richfield,-126.34217264478548,54.51020416776789,17,0,1,Private,'Ilh K'il Bin,GINEHKLAIYEX,LAKSILYU,SMALL FROG,HAGWILNEGH,1,1,1,1,1,1,1,1,1,1,1,1,NA,NA,NA,NA,NA,NA,NA,NA,NA,NA,NA,NA,NA,NA,NA
2,NA,RC3-2021,sites_poly,Bulkley JDavid-Richfield,-126.3421642141289,54.51009609872381,17,0,1,Private,'Ilh K'il Bin,GINEHKLAIYEX,LAKSILYU,SMALL FROG,HAGWILNEGH,1,1,1,1,1,1,1,1,1,1,1,1,NA,NA,NA,NA,NA,NA,NA,NA,NA,NA,NA,NA,NA,NA,NA
3,NA,NA,sites_poly,Bulkley JDavid-Richfield,-126.33876508876975,54.512709395143105,17,0,1,Private,'Ilh K'il Bin,GINEHKLAIYEX,LAKSILYU,SMALL FROG,HAGWILNEGH,1,1,1,1,1,1,1,1,1,1,1,1,NA,NA,NA,NA,NA,NA,NA,NA,NA,NA,NA,NA,NA,NA,NA
4,NA,NA,sites_poly,Bulkley JDavid-Richfield,-126.33864297527633,54.51339895969912,17,0,1,Private,'Ilh K'il Bin,GINEHKLAIYEX,LAKSILYU,SMALL FROG,HAGWILNEGH,1,1,1,1,1,1,1,1,1,1,1,1,NA,NA,NA,NA,NA,NA,NA,NA,NA,NA,NA,NA,NA,NA,NA
5,NA,RC2-2021,sites_poly,Bulkley JDavid-Richfield,-126.33850002030029,54.513458743665396,17,0,1,Private,'Ilh K'il Bin,GINEHKLAIYEX,LAKSILYU,SMALL FROG,HAGWILNEGH,1,1,1,1,1,1,1,1,1,1,1,1,NA,NA,NA,NA,NA,NA,NA,NA,NA,NA,NA,NA,NA,NA,NA
6,NA,RC2-2021,sites_poly,Bulkley JDavid-Richfield,-126.33852319342473,54.514052614237436,17,0,1,Private,'Ilh K'il Bin,GINEHKLAIYEX,LAKSILYU,SMALL FROG,HAGWILNEGH,1,1,1,1,1,1,1,1,1,1,1,1,NA,NA,NA,NA,NA,NA,NA,NA,NA,NA,NA,NA,NA,NA,NA
7,NA,NA,sites_poly,Bulkley JDavid-Richfield,-126.33467232110036,54.52026995580987,18,0,0,Untitled Provincial,'Ilh K'il Bin,GINEHKLAIYEX,LAKSILYU,SMALL FROG,HAGWILNEGH,0,0,0,0,0,0,0,0,0,0,0,0,NA,NA,NA,NA,NA,NA,NA,NA,NA,NA,NA,NA,NA,NA,NA
8,NA,NA,sites_poly,Bulkley JDavid-Richfield,-126.33513537522913,54.5209904007236,24,0,0,Untitled Provincial,'Ilh K'il Bin,GINEHKLAIYEX,LAKSILYU,SMALL FROG,HAGWILNEGH,1,1,1,1,1,1,1,1,1,1,1,1,NA,NA,NA,NA,NA,NA,NA,NA,NA,NA,NA,NA,NA,NA,NA
9,NA,NA,sites_poly,Bulkley JDavid-Richfield,-126.3353026584523,54.52150653638849,24,0,0,Untitled Provincial,'Ilh K'il Bin,GINEHKLAIYEX,LAKSILYU,SMALL FROG,HAGWILNEGH,1,1,1,1,1,1,1,1,1,1,1,1,NA,NA,NA,NA,NA,NA,NA,NA,NA,NA,NA,NA,NA,NA,NA
10,NA,NA,sites_poly,Bulkley JDavid-Richfield,-126.33597010278784,54.52241128976738,27,0,1,Untitled Provincial,'Ilh K'il Bin,GINEHKLAIYEX,LAKSILYU,SMALL FROG,HAGWILNEGH,1,1,1,1,1,1,1,1,1,1,1,1,NA,NA,NA,NA,NA,NA,NA,NA,NA,NA,NA,NA,NA,NA,NA
11,NA,BR2-2021,sites_poly,Bulkley Richfield-Falls,-126.32100831167499,54.505439448770296,22,0,1,Private,'Ilh K'il Bin,GINEHKLAIYEX,LAKSILYU,SMALL FROG,HAGWILNEGH,1,1,1,1,1,1,1,1,1,1,1,1,NA,NA,NA,NA,NA,NA,NA,NA,NA,NA,NA,NA,NA,NA,NA
12,NA,BR1-2021,sites_poly,Bulkley Richfield-Falls,-126.31804370161566,54.50470840020012,22,0,1,Private,'Ilh K'il Bin,GINEHKLAIYEX,LAKSILYU,SMALL FROG,HAGWILNEGH,1,1,1,1,1,1,1,1,1,1,1,1,NA,NA,NA,NA,NA,NA,NA,NA,NA,NA,NA,NA,NA,NA,NA
13,NA,BR5-2016,sites_poly,Bulkley Byman-JDavid,-126.43214838516926,54.515979235875264,20,0,1,Private,Ggusgi Be Wini,TSAIYEX,LAKSAAMISHYU,FIREWEED,SMOGELGEM,1,1,1,1,1,1,1,1,1,1,1,1,NA,NA,NA,NA,NA,NA,NA,NA,NA,NA,NA,NA,NA,NA,NA
14,NA,BR4-2016,sites_poly,Bulkley Byman-JDavid,-126.42377493175546,54.514479495955364,20,0,1,Private,Ggusgi Be Wini,TSAIYEX,LAKSAAMISHYU,FIREWEED,SMOGELGEM,1,1,1,1,1,1,1,1,1,1,1,1,NA,NA,NA,NA,NA,NA,NA,NA,NA,NA,NA,NA,NA,NA,NA
15,NA,BR3-2016,sites_poly,Bulkley Byman-JDavid,-126.40339447465989,54.518853076463344,20,0,1,Private,'Ilh K'il Bin,GINEHKLAIYEX,LAKSILYU,SMALL FROG,HAGWILNEGH,1,1,1,1,1,1,1,1,1,1,1,1,NA,NA,NA,NA,NA,NA,NA,NA,NA,NA,NA,NA,NA,NA,NA
16,NA,MX1-2021,sites_poly,Bulkley Upstream Falls,-126.13526356671703,54.37887531730414,17,1,1,Private,Tasdlegh,GINEHKLAIYEX,LAKSILYU,SMALL FROG,HAGWILNEGH,1,1,1,1,1,1,1,1,1,1,1,1,NA,NA,NA,NA,NA,NA,NA,NA,NA,NA,NA,NA,NA,NA,NA
17,NA,MX2-?,sites_poly,Maxam Creek,-126.1618685679347,54.36852624246091,11,1,1,Private,Tasdlegh,GINEHKLAIYEX,LAKSILYU,SMALL FROG,HAGWILNEGH,0,0,0,0,0,0,0,0,0,0,0,0,NA,NA,NA,NA,NA,NA,NA,NA,NA,NA,NA,NA,NA,NA,NA
18,NA,RC1-2021,sites_poly,Bulkley JDavid-Richfield,-126.33786366566407,54.51730156909319,17,0,1,Private,'Ilh K'il Bin,GINEHKLAIYEX,LAKSILYU,SMALL FROG,HAGWILNEGH,1,1,1,1,1,1,1,1,1,1,1,1,NA,NA,NA,NA,NA,NA,NA,NA,NA,NA,NA,NA,NA,NA,NA
19,NA,RC3-2021,sites_poly,Bulkley JDavid-Richfield,-126.34200669618085,54.51038032395914,17,0,1,Private,'Ilh K'il Bin,GINEHKLAIYEX,LAKSILYU,SMALL FROG,HAGWILNEGH,1,1,1,1,1,1,1,1,1,1,1,1,NA,NA,NA,NA,NA,NA,NA,NA,NA,NA,NA,NA,NA,NA,NA
20,NA,NA,sites_wfn_proposed,Bulkley Houston-McKilligan,-126.5208978128636,54.46075518740659,20,0,1,Private,Ggusgi Be Wini,TSAIYEX,LAKSAAMISHYU,FIREWEED,SMOGELGEM,1,1,1,1,1,1,1,1,1,1,1,1,NA,NA,NA,NA,NA,NA,NA,NA,NA,NA,NA,NA,NA,NA,NA
21,NA,NA,sites_wfn_proposed,Bulkley Houston-McKilligan,-126.52151030420035,54.45930239488867,20,0,1,Private,Ggusgi Be Wini,TSAIYEX,LAKSAAMISHYU,FIREWEED,SMOGELGEM,1,1,1,1,1,1,1,1,1,1,1,1,NA,NA,NA,NA,NA,NA,NA,NA,NA,NA,NA,NA,NA,NA,NA
22,NA,NA,sites_wfn_proposed,Bulkley Houston-McKilligan,-126.52670306959617,54.45788953806765,14,0,1,Private,Ggusgi Be Wini,TSAIYEX,LAKSAAMISHYU,FIREWEED,SMOGELGEM,NA,NA,NA,NA,NA,NA,NA,NA,NA,NA,NA,NA,NA,NA,NA,NA,NA,NA,NA,NA,NA,NA,NA,NA,NA,NA,NA
23,NA,NA,sites_wfn_proposed,Bulkley Houston-McKilligan,-126.53475977836581,54.45195008636782,20,0,1,Private,Tse Zul,GINEHKLAIYEX,LAKSILYU,SMALL FROG,HAGWILNEGH,1,1,1,1,1,1,1,1,1,1,1,1,NA,NA,NA,NA,NA,NA,NA,NA,NA,NA,NA,NA,NA,NA,NA
24,NA,NA,sites_wfn_proposed,Bulkley Houston-McKilligan,-126.54972167136187,54.44528738338706,14,0,1,Private,Tse Zul,GINEHKLAIYEX,LAKSILYU,SMALL FROG,HAGWILNEGH,0,0,0,0,0,0,0,0,0,0,0,0,NA,NA,NA,NA,NA,NA,NA,NA,NA,NA,NA,NA,NA,NA,NA
25,NA,NA,sites_wfn_proposed,Bulkley-Houston,-126.62003026839777,54.41282891912645,20,0,1,Private,Nelgi Cek,KWEN BEA YEX,LAKSILYU,SMALL FROG,WAH TAH KWETS,1,1,1,1,1,1,1,1,1,1,1,1,NA,NA,NA,NA,NA,NA,NA,NA,NA,NA,NA,NA,NA,NA,NA
26,NA,NA,sites_wfn_proposed,Bulkley-Houston,-126.62769397332251,54.41223360843614,18,0,1,Private,Nelgi Cek,KWEN BEA YEX,LAKSILYU,SMALL FROG,WAH TAH KWETS,0,1,0,0,1,0,1,1,1,1,1,1,NA,NA,NA,NA,NA,NA,NA,NA,NA,NA,NA,NA,NA,NA,NA
27,NA,NA,sites_wfn_proposed,Bulkley Byman-JDavid,-126.40343735276964,54.518907938521714,17,0,1,Private,'Ilh K'il Bin,GINEHKLAIYEX,LAKSILYU,SMALL FROG,HAGWILNEGH,0,0,0,0,0,0,1,1,1,1,1,1,NA,NA,NA,NA,NA,NA,NA,NA,NA,NA,NA,NA,NA,NA,NA
28,NA,NA,sites_wfn_proposed,Bulkley Upstream Falls,-126.13548608394832,54.378997483403865,17,1,1,Private,Tasdlegh,GINEHKLAIYEX,LAKSILYU,SMALL FROG,HAGWILNEGH,1,1,1,1,1,1,1,1,1,1,1,1,NA,NA,NA,NA,NA,NA,NA,NA,NA,NA,NA,NA,NA,NA,NA
29,NA,NA,sites_wfn_proposed,Buck Creek Downstream Falls,-126.65032898234792,54.39644080292783,30,0,1,Local Government,Nelgi Cek,KWEN BEA YEX,LAKSILYU,SMALL FROG,WAH TAH KWETS,1,1,1,1,1,1,1,1,1,1,1,1,NA,NA,NA,NA,NA,NA,NA,NA,NA,NA,NA,NA,NA,NA,NA
30,NA,NA,sites_wfn_proposed,Bulkley JDavid-Richfield,-126.36988043600729,54.52166157500828,27,0,0,Crown Provincial,'Ilh K'il Bin,GINEHKLAIYEX,LAKSILYU,SMALL FROG,HAGWILNEGH,1,1,1,1,1,1,1,1,1,1,1,1,NA,NA,NA,NA,NA,NA,NA,NA,NA,NA,NA,NA,NA,NA,NA
31,NA,NA,sites_wfn_proposed,NA,-126.91994540390085,54.62087415719837,27,0,0,Crown Provincial,Cosl'et Bin,KWEN BEA YEX,LAKSILYU,SMALL FROG,WAH TAH KWETS,1,1,1,1,1,1,1,1,1,1,1,1,NA,NA,NA,NA,NA,NA,NA,NA,NA,NA,NA,NA,NA,NA,NA
32,NA,NA,sites_wfn_proposed,NA,-126.97570201313385,54.63195882406058,27,0,0,Crown Provincial,Cosl'et Bin,KWEN BEA YEX,LAKSILYU,SMALL FROG,WAH TAH KWETS,1,1,1,1,1,1,1,1,1,1,1,1,NA,NA,NA,NA,NA,NA,NA,NA,NA,NA,NA,NA,NA,NA,NA
33,NA,NA,sites_wfn_proposed,NA,-126.97000893256258,54.63395789363467,19,0,2,Private,Cosl'et Bin,KWEN BEA YEX,LAKSILYU,SMALL FROG,WAH TAH KWETS,1,1,1,1,1,1,1,1,1,1,1,1,NA,NA,NA,NA,NA,NA,NA,NA,NA,NA,NA,NA,NA,NA,NA
34,NA,NA,sites_wfn_proposed,NA,-126.79236552052036,54.36075496713188,22,0,0,Untitled Provincial,Ts'in K'oz'ay,ANASKASKI,GITDUMDEN,"BEAR, WOLF",MADEEK,1,1,1,1,1,1,1,1,1,1,1,1,NA,NA,NA,NA,NA,NA,NA,NA,NA,NA,NA,NA,NA,NA,NA
35,NA,NA,ncfdc_1998_prescriptions,Bulkley JDavid-Richfield,-126.33690996574252,54.51557239976001,27,0,1,Crown Provincial,'Ilh K'il Bin,GINEHKLAIYEX,LAKSILYU,SMALL FROG,HAGWILNEGH,1,1,1,1,1,1,1,1,1,1,1,1,NA,NA,NA,NA,NA,NA,NA,NA,NA,NA,NA,NA,NA,NA,NA
36,NA,NA,ncfdc_1998_prescriptions,Bulkley JDavid-Richfield,-126.3434472467801,54.50818240516195,17,0,1,Private,'Ilh K'il Bin,GINEHKLAIYEX,LAKSILYU,SMALL FROG,HAGWILNEGH,1,1,1,1,1,1,1,1,1,1,1,1,NA,NA,NA,NA,NA,NA,NA,NA,NA,NA,NA,NA,NA,NA,NA
37,NA,NA,ncfdc_1998_prescriptions,Bulkley JDavid-Richfield,-126.33758931428169,54.5241281541545,27,0,1,Untitled Provincial,'Ilh K'il Bin,GINEHKLAIYEX,LAKSILYU,SMALL FROG,HAGWILNEGH,1,1,1,1,1,1,1,1,1,1,1,1,NA,NA,NA,NA,NA,NA,NA,NA,NA,NA,NA,NA,NA,NA,NA
38,NA,NA,ncfdc_1998_prescriptions,Bulkley Byman-JDavid,-126.41734956726778,54.52129172264697,17,0,1,Private,Ggusgi Be Wini,TSAIYEX,LAKSAAMISHYU,FIREWEED,SMOGELGEM,1,1,1,1,1,1,1,1,1,1,1,1,NA,NA,NA,NA,NA,NA,NA,NA,NA,NA,NA,NA,NA,NA,NA
39,NA,NA,ncfdc_1998_prescriptions,Bulkley Byman-JDavid,-126.43095700685353,54.51895660652891,27,0,1,Crown Provincial,Ggusgi Be Wini,TSAIYEX,LAKSAAMISHYU,FIREWEED,SMOGELGEM,1,1,1,1,1,1,1,1,1,1,1,1,NA,NA,NA,NA,NA,NA,NA,NA,NA,NA,NA,NA,NA,NA,NA
40,NA,NA,ncfdc_1998_prescriptions,Bulkley Houston-McKilligan,-126.46766033799226,54.52018066175142,16,0,0,Private,Ggusgi Be Wini,TSAIYEX,LAKSAAMISHYU,FIREWEED,SMOGELGEM,1,1,0,1,1,0,1,1,1,1,1,1,NA,NA,NA,NA,NA,NA,NA,NA,NA,NA,NA,NA,NA,NA,NA
41,NA,NA,ncfdc_1998_prescriptions,Bulkley Houston-McKilligan,-126.46313191236034,54.51346006228539,20,0,1,Private,Ggusgi Be Wini,TSAIYEX,LAKSAAMISHYU,FIREWEED,SMOGELGEM,1,1,1,1,1,1,1,1,1,1,1,1,NA,NA,NA,NA,NA,NA,NA,NA,NA,NA,NA,NA,NA,NA,NA
42,NA,NA,ncfdc_1998_prescriptions,Bulkley Houston-McKilligan,-126.57989652379725,54.55601158500121,22,0,0,Not Matched,Ggusgi Be Wini,TSAIYEX,LAKSAAMISHYU,FIREWEED,SMOGELGEM,1,1,1,1,1,1,1,1,1,1,1,1,NA,NA,NA,NA,NA,NA,NA,NA,NA,NA,NA,NA,NA,NA,NA
43,NA,NA,ncfdc_1998_prescriptions,Bulkley Houston-McKilligan,-126.52086280493599,54.47102997718904,11,0,0,Private,Ggusgi Be Wini,TSAIYEX,LAKSAAMISHYU,FIREWEED,SMOGELGEM,0,0,0,0,0,0,0,0,0,0,0,0,NA,NA,NA,NA,NA,NA,NA,NA,NA,NA,NA,NA,NA,NA,NA
44,NA,NA,ncfdc_1998_prescriptions,Bulkley Houston-McKilligan,-126.52595374853469,54.46340300556693,20,0,1,Private,Ggusgi Be Wini,TSAIYEX,LAKSAAMISHYU,FIREWEED,SMOGELGEM,1,1,1,1,1,1,1,1,1,1,1,1,NA,NA,NA,NA,NA,NA,NA,NA,NA,NA,NA,NA,NA,NA,NA
45,NA,NA,ncfdc_1998_prescriptions,Bulkley Houston-McKilligan,-126.52969881010401,54.465277639764416,17,0,0,Private,Ggusgi Be Wini,TSAIYEX,LAKSAAMISHYU,FIREWEED,SMOGELGEM,1,1,1,1,1,1,1,1,1,1,1,1,NA,NA,NA,NA,NA,NA,NA,NA,NA,NA,NA,NA,NA,NA,NA
46,NA,NA,ncfdc_1998_prescriptions,Bulkley Houston-McKilligan,-126.53692014157583,54.47351601966727,27,0,0,Crown Provincial,Ggusgi Be Wini,TSAIYEX,LAKSAAMISHYU,FIREWEED,SMOGELGEM,1,1,1,1,1,1,1,1,1,1,1,1,NA,NA,NA,NA,NA,NA,NA,NA,NA,NA,NA,NA,NA,NA,NA
47,NA,NA,ncfdc_1998_prescriptions,Aitken Creek,-126.48252620342267,54.429242492288395,21,0,0,Untitled Provincial,Tse Zul,GINEHKLAIYEX,LAKSILYU,SMALL FROG,HAGWILNEGH,0,0,0,0,0,0,0,0,0,0,0,0,NA,NA,NA,NA,NA,NA,NA,NA,NA,NA,NA,NA,NA,NA,NA
48,NA,NA,ncfdc_1998_prescriptions,Bulkley Houston-McKilligan,-126.51521019815361,54.45581070420127,14,0,1,Private,Tse Zul,GINEHKLAIYEX,LAKSILYU,SMALL FROG,HAGWILNEGH,0,0,0,0,0,0,0,0,0,0,0,0,NA,NA,NA,NA,NA,NA,NA,NA,NA,NA,NA,NA,NA,NA,NA
49,NA,NA,ncfdc_1998_prescriptions,Bulkley Houston-McKilligan,-126.52595374853469,54.46340300556693,20,0,1,Private,Ggusgi Be Wini,TSAIYEX,LAKSAAMISHYU,FIREWEED,SMOGELGEM,1,1,1,1,1,1,1,1,1,1,1,1,NA,NA,NA,NA,NA,NA,NA,NA,NA,NA,NA,NA,NA,NA,NA
50,NA,NA,ncfdc_1998_prescriptions,Buck Creek Upstream Falls,-126.41273789859326,54.197991211057825,27,0,0,Not Matched,Nelhdzi Tezdli Bin,TSA K'EX YEX,TSAYU,BEAVER,NAMOX,1,1,1,1,1,1,1,1,1,1,1,1,NA,NA,NA,NA,NA,NA,NA,NA,NA,NA,NA,NA,NA,NA,NA
51,NA,NA,ncfdc_1998_prescriptions,Buck Creek Upstream Falls,-126.26857175356982,54.14497939310005,25,0,1,Not Matched,Nelhdzi Tezdli Bin,TSA K'EX YEX,TSAYU,BEAVER,NAMOX,0,0,0,0,0,0,0,0,1,0,0,1,NA,NA,NA,NA,NA,NA,NA,NA,NA,NA,NA,NA,NA,NA,NA
52,NA,NA,ncfdc_1998_prescriptions,Buck Creek Downstream Falls,-126.65849863164021,54.40285641843786,30,0,1,Local Government,Nelgi Cek,KWEN BEA YEX,LAKSILYU,SMALL FROG,WAH TAH KWETS,1,1,1,1,1,1,1,1,1,1,1,1,NA,NA,NA,NA,NA,NA,NA,NA,NA,NA,NA,NA,NA,NA,NA
53,NA,NA,ncfdc_1998_prescriptions,Buck Creek Downstream Falls,-126.64733664028836,54.39327205615073,30,0,1,Local Government,Nelgi Cek,KWEN BEA YEX,LAKSILYU,SMALL FROG,WAH TAH KWETS,1,1,1,1,1,1,1,1,1,1,1,1,NA,NA,NA,NA,NA,NA,NA,NA,NA,NA,NA,NA,NA,NA,NA
54,NA,NA,ncfdc_1998_prescriptions,Buck Creek Downstream Falls,-126.63327894956399,54.37655486419378,30,0,1,Crown Provincial,Nelgi Cek,KWEN BEA YEX,LAKSILYU,SMALL FROG,WAH TAH KWETS,1,1,1,1,1,1,1,1,1,1,1,1,NA,NA,NA,NA,NA,NA,NA,NA,NA,NA,NA,NA,NA,NA,NA
55,NA,NA,ncfdc_1998_prescriptions,Buck Creek Downstream Falls,-126.64921730694978,54.2970367068694,27,0,0,Untitled Provincial,Ts'in K'oz'ay,ANASKASKI,GITDUMDEN,"BEAR, WOLF",MADEEK,1,1,1,1,1,1,1,1,1,1,1,1,NA,NA,NA,NA,NA,NA,NA,NA,NA,NA,NA,NA,NA,NA,NA
56,NA,NA,ncfdc_1998_prescriptions,Bulkley-Houston,-126.7109874758014,54.39693214693219,20,0,1,Private,Ts'in K'oz'ay,ANASKASKI,GITDUMDEN,"BEAR, WOLF",MADEEK,1,1,1,1,1,1,1,1,1,1,1,1,NA,NA,NA,NA,NA,NA,NA,NA,NA,NA,NA,NA,NA,NA,NA
57,NA,NA,ncfdc_1998_prescriptions,Bulkley-Houston,-126.60620516051551,54.42366699115624,20,0,1,Private,Nelgi Cek,KWEN BEA YEX,LAKSILYU,SMALL FROG,WAH TAH KWETS,1,1,1,1,1,1,1,1,1,1,1,1,NA,NA,NA,NA,NA,NA,NA,NA,NA,NA,NA,NA,NA,NA,NA
58,NA,NA,ncfdc_1998_prescriptions,Bulkley Houston-McKilligan,-126.51931672980213,54.45832240728656,20,0,1,Private,Tse Zul,GINEHKLAIYEX,LAKSILYU,SMALL FROG,HAGWILNEGH,1,1,1,1,1,1,1,1,1,1,1,1,NA,NA,NA,NA,NA,NA,NA,NA,NA,NA,NA,NA,NA,NA,NA
59,NA,NA,ncfdc_1998_prescriptions,NA,-126.81429857525094,54.44738974754677,25,0,1,Crown Provincial,C'idi To Stan,TSAIYEX,LAKSAAMISHYU,FIREWEED,SMOGELGEM,1,1,1,1,1,1,1,1,1,1,1,1,NA,NA,NA,NA,NA,NA,NA,NA,NA,NA,NA,NA,NA,NA,NA
60,NA,NA,ncfdc_1998_prescriptions,NA,-126.81465462288617,54.44649725392387,25,0,1,Crown Provincial,C'idi To Stan,TSAIYEX,LAKSAAMISHYU,FIREWEED,SMOGELGEM,1,1,1,1,1,1,1,1,1,1,1,1,NA,NA,NA,NA,NA,NA,NA,NA,NA,NA,NA,NA,NA,NA,NA
61,NA,NA,ncfdc_1998_riparian,Bulkley JDavid-Richfield,-126.34330812369257,54.50794559886144,17,0,1,Private,'Ilh K'il Bin,GINEHKLAIYEX,LAKSILYU,SMALL FROG,HAGWILNEGH,1,1,1,1,1,1,1,1,1,1,1,1,NA,NA,NA,NA,NA,NA,NA,NA,NA,NA,NA,NA,NA,NA,NA
62,NA,NA,ncfdc_1998_riparian,Bulkley JDavid-Richfield,-126.34307053016339,54.508749502471495,17,0,1,Private,'Ilh K'il Bin,GINEHKLAIYEX,LAKSILYU,SMALL FROG,HAGWILNEGH,1,1,1,1,1,1,1,1,1,1,1,1,NA,NA,NA,NA,NA,NA,NA,NA,NA,NA,NA,NA,NA,NA,NA
63,NA,NA,ncfdc_1998_riparian,Bulkley JDavid-Richfield,-126.33840544570536,54.513249883763294,17,0,1,Private,'Ilh K'il Bin,GINEHKLAIYEX,LAKSILYU,SMALL FROG,HAGWILNEGH,1,1,1,1,1,1,1,1,1,1,1,1,NA,NA,NA,NA,NA,NA,NA,NA,NA,NA,NA,NA,NA,NA,NA
64,NA,NA,ncfdc_1998_riparian,Bulkley JDavid-Richfield,-126.3381459650978,54.513675703560764,17,0,1,Private,'Ilh K'il Bin,GINEHKLAIYEX,LAKSILYU,SMALL FROG,HAGWILNEGH,1,1,1,1,1,1,1,1,1,1,1,1,NA,NA,NA,NA,NA,NA,NA,NA,NA,NA,NA,NA,NA,NA,NA
65,NA,NA,ncfdc_1998_riparian,Bulkley JDavid-Richfield,-126.3352586098475,54.520759369859256,24,0,0,Untitled Provincial,'Ilh K'il Bin,GINEHKLAIYEX,LAKSILYU,SMALL FROG,HAGWILNEGH,1,1,1,1,1,1,1,1,1,1,1,1,NA,NA,NA,NA,NA,NA,NA,NA,NA,NA,NA,NA,NA,NA,NA
66,NA,NA,ncfdc_1998_riparian,Bulkley JDavid-Richfield,-126.33636117604959,54.52352571593001,27,0,1,Untitled Provincial,'Ilh K'il Bin,GINEHKLAIYEX,LAKSILYU,SMALL FROG,HAGWILNEGH,1,1,1,1,1,1,1,1,1,1,1,1,NA,NA,NA,NA,NA,NA,NA,NA,NA,NA,NA,NA,NA,NA,NA
67,NA,NA,ncfdc_1998_riparian,Bulkley Byman-JDavid,-126.43812007338057,54.51734659326687,17,0,1,Private,Ggusgi Be Wini,TSAIYEX,LAKSAAMISHYU,FIREWEED,SMOGELGEM,1,1,1,1,1,1,1,1,1,1,1,1,NA,NA,NA,NA,NA,NA,NA,NA,NA,NA,NA,NA,NA,NA,NA
68,NA,NA,ncfdc_1998_riparian,Bulkley Byman-JDavid,-126.42798147260969,54.51835391855974,17,0,1,Private,Ggusgi Be Wini,TSAIYEX,LAKSAAMISHYU,FIREWEED,SMOGELGEM,1,1,1,1,1,1,1,1,1,1,1,1,NA,NA,NA,NA,NA,NA,NA,NA,NA,NA,NA,NA,NA,NA,NA
69,NA,NA,ncfdc_1998_riparian,Bulkley Byman-JDavid,-126.42147762159672,54.51930314365033,17,0,1,Private,Ggusgi Be Wini,TSAIYEX,LAKSAAMISHYU,FIREWEED,SMOGELGEM,1,1,1,1,1,1,1,1,1,1,1,1,NA,NA,NA,NA,NA,NA,NA,NA,NA,NA,NA,NA,NA,NA,NA
70,NA,NA,ncfdc_1998_riparian,Bulkley Byman-JDavid,-126.42147762159672,54.51930314365033,17,0,1,Private,Ggusgi Be Wini,TSAIYEX,LAKSAAMISHYU,FIREWEED,SMOGELGEM,1,1,1,1,1,1,1,1,1,1,1,1,NA,NA,NA,NA,NA,NA,NA,NA,NA,NA,NA,NA,NA,NA,NA
71,NA,NA,ncfdc_1998_riparian,Bulkley Byman-JDavid,-126.42107368602376,54.5195822089361,17,0,1,Private,Ggusgi Be Wini,TSAIYEX,LAKSAAMISHYU,FIREWEED,SMOGELGEM,1,1,1,1,1,1,1,1,1,1,1,1,NA,NA,NA,NA,NA,NA,NA,NA,NA,NA,NA,NA,NA,NA,NA
72,NA,NA,ncfdc_1998_riparian,Bulkley Byman-JDavid,-126.41953930572302,54.52014280735438,27,0,1,Untitled Provincial,Ggusgi Be Wini,TSAIYEX,LAKSAAMISHYU,FIREWEED,SMOGELGEM,1,1,1,1,1,1,1,1,1,1,1,1,NA,NA,NA,NA,NA,NA,NA,NA,NA,NA,NA,NA,NA,NA,NA
73,NA,NA,ncfdc_1998_riparian,Bulkley Byman-JDavid,-126.41914384596711,54.52028719568731,27,0,1,Untitled Provincial,Ggusgi Be Wini,TSAIYEX,LAKSAAMISHYU,FIREWEED,SMOGELGEM,1,1,1,1,1,1,1,1,1,1,1,1,NA,NA,NA,NA,NA,NA,NA,NA,NA,NA,NA,NA,NA,NA,NA
74,NA,NA,ncfdc_1998_riparian,Bulkley Byman-JDavid,-126.41832488483747,54.52053041903913,17,0,1,Private,Ggusgi Be Wini,TSAIYEX,LAKSAAMISHYU,FIREWEED,SMOGELGEM,1,1,1,1,1,1,1,1,1,1,1,1,NA,NA,NA,NA,NA,NA,NA,NA,NA,NA,NA,NA,NA,NA,NA
75,NA,NA,ncfdc_1998_riparian,Bulkley Byman-JDavid,-126.41832488483747,54.52053041903913,17,0,1,Private,Ggusgi Be Wini,TSAIYEX,LAKSAAMISHYU,FIREWEED,SMOGELGEM,1,1,1,1,1,1,1,1,1,1,1,1,NA,NA,NA,NA,NA,NA,NA,NA,NA,NA,NA,NA,NA,NA,NA
76,NA,NA,ncfdc_1998_riparian,Bulkley Byman-JDavid,-126.41785704530011,54.52108680238025,17,0,1,Private,Ggusgi Be Wini,TSAIYEX,LAKSAAMISHYU,FIREWEED,SMOGELGEM,1,1,1,1,1,1,1,1,1,1,1,1,NA,NA,NA,NA,NA,NA,NA,NA,NA,NA,NA,NA,NA,NA,NA
77,NA,NA,ncfdc_1998_riparian,Bulkley Byman-JDavid,-126.41552501618553,54.52252931946618,17,0,1,Private,Ggusgi Be Wini,TSAIYEX,LAKSAAMISHYU,FIREWEED,SMOGELGEM,1,1,1,1,1,1,1,1,1,1,1,1,NA,NA,NA,NA,NA,NA,NA,NA,NA,NA,NA,NA,NA,NA,NA
78,NA,NA,ncfdc_1998_riparian,Bulkley Byman-JDavid,-126.41552501618553,54.52252931946618,17,0,1,Private,Ggusgi Be Wini,TSAIYEX,LAKSAAMISHYU,FIREWEED,SMOGELGEM,1,1,1,1,1,1,1,1,1,1,1,1,NA,NA,NA,NA,NA,NA,NA,NA,NA,NA,NA,NA,NA,NA,NA
79,NA,NA,ncfdc_1998_riparian,Bulkley Byman-JDavid,-126.41620605614366,54.5230023754703,17,0,1,Private,Ggusgi Be Wini,TSAIYEX,LAKSAAMISHYU,FIREWEED,SMOGELGEM,1,1,1,1,1,1,1,1,1,1,1,1,NA,NA,NA,NA,NA,NA,NA,NA,NA,NA,NA,NA,NA,NA,NA
80,NA,NA,ncfdc_1998_riparian,Bulkley Byman-JDavid,-126.41707534359493,54.52489988765134,14,0,0,Private,Ggusgi Be Wini,TSAIYEX,LAKSAAMISHYU,FIREWEED,SMOGELGEM,1,1,1,1,1,1,1,1,1,1,1,1,NA,NA,NA,NA,NA,NA,NA,NA,NA,NA,NA,NA,NA,NA,NA
81,NA,NA,ncfdc_1998_riparian,Bulkley Byman-JDavid,-126.41707534359493,54.52489988765134,14,0,0,Private,Ggusgi Be Wini,TSAIYEX,LAKSAAMISHYU,FIREWEED,SMOGELGEM,1,1,1,1,1,1,1,1,1,1,1,1,NA,NA,NA,NA,NA,NA,NA,NA,NA,NA,NA,NA,NA,NA,NA
82,NA,NA,ncfdc_1998_riparian,Bulkley Byman-JDavid,-126.41828608627033,54.52800036935694,17,0,1,Private,Ggusgi Be Wini,TSAIYEX,LAKSAAMISHYU,FIREWEED,SMOGELGEM,1,1,1,1,1,1,1,1,1,1,1,1,NA,NA,NA,NA,NA,NA,NA,NA,NA,NA,NA,NA,NA,NA,NA
83,NA,NA,ncfdc_1998_riparian,Bulkley Byman-JDavid,-126.41828608627033,54.52800036935694,17,0,1,Private,Ggusgi Be Wini,TSAIYEX,LAKSAAMISHYU,FIREWEED,SMOGELGEM,1,1,1,1,1,1,1,1,1,1,1,1,NA,NA,NA,NA,NA,NA,NA,NA,NA,NA,NA,NA,NA,NA,NA
84,NA,NA,ncfdc_1998_riparian,Bulkley Houston-McKilligan,-126.46293870191988,54.5130874158775,20,0,1,Private,Tse Zul,GINEHKLAIYEX,LAKSILYU,SMALL FROG,HAGWILNEGH,1,1,1,1,1,1,1,1,1,1,1,1,NA,NA,NA,NA,NA,NA,NA,NA,NA,NA,NA,NA,NA,NA,NA
85,NA,NA,ncfdc_1998_riparian,Bulkley Houston-McKilligan,-126.46293870191988,54.5130874158775,20,0,1,Private,Tse Zul,GINEHKLAIYEX,LAKSILYU,SMALL FROG,HAGWILNEGH,1,1,1,1,1,1,1,1,1,1,1,1,NA,NA,NA,NA,NA,NA,NA,NA,NA,NA,NA,NA,NA,NA,NA
86,NA,NA,ncfdc_1998_riparian,Bulkley Houston-McKilligan,-126.46620510355538,54.51623052242486,29,0,1,Untitled Provincial,Ggusgi Be Wini,TSAIYEX,LAKSAAMISHYU,FIREWEED,SMOGELGEM,1,1,0,1,1,0,1,1,1,1,1,1,NA,NA,NA,NA,NA,NA,NA,NA,NA,NA,NA,NA,NA,NA,NA
87,NA,NA,ncfdc_1998_riparian,Bulkley Houston-McKilligan,-126.46620510355538,54.51623052242486,29,0,1,Untitled Provincial,Ggusgi Be Wini,TSAIYEX,LAKSAAMISHYU,FIREWEED,SMOGELGEM,1,1,0,1,1,0,1,1,1,1,1,1,NA,NA,NA,NA,NA,NA,NA,NA,NA,NA,NA,NA,NA,NA,NA
88,NA,NA,ncfdc_1998_riparian,Bulkley Houston-McKilligan,-126.46827344320359,54.518764095518435,19,0,1,Private,Ggusgi Be Wini,TSAIYEX,LAKSAAMISHYU,FIREWEED,SMOGELGEM,1,1,0,1,1,0,1,1,1,1,1,1,NA,NA,NA,NA,NA,NA,NA,NA,NA,NA,NA,NA,NA,NA,NA
89,NA,NA,ncfdc_1998_riparian,Bulkley Houston-McKilligan,-126.46842765096422,54.51901904545166,19,0,1,Private,Ggusgi Be Wini,TSAIYEX,LAKSAAMISHYU,FIREWEED,SMOGELGEM,1,1,0,1,1,0,1,1,1,1,1,1,NA,NA,NA,NA,NA,NA,NA,NA,NA,NA,NA,NA,NA,NA,NA
90,NA,NA,ncfdc_1998_riparian,Bulkley Houston-McKilligan,-126.46934293834362,54.520710351709894,26,0,0,Untitled Provincial,Ggusgi Be Wini,TSAIYEX,LAKSAAMISHYU,FIREWEED,SMOGELGEM,1,1,0,1,1,0,1,1,1,1,1,1,NA,NA,NA,NA,NA,NA,NA,NA,NA,NA,NA,NA,NA,NA,NA
91,NA,NA,ncfdc_1998_riparian,Bulkley Houston-McKilligan,-126.46927842486512,54.52075395095993,26,0,0,Untitled Provincial,Ggusgi Be Wini,TSAIYEX,LAKSAAMISHYU,FIREWEED,SMOGELGEM,1,1,0,1,1,0,1,1,1,1,1,1,NA,NA,NA,NA,NA,NA,NA,NA,NA,NA,NA,NA,NA,NA,NA
92,NA,NA,ncfdc_1998_riparian,Bulkley Houston-McKilligan,-126.48018310869529,54.53163487979786,26,0,0,Not Matched,Ggusgi Be Wini,TSAIYEX,LAKSAAMISHYU,FIREWEED,SMOGELGEM,0,1,1,0,1,1,1,1,1,1,1,1,NA,NA,NA,NA,NA,NA,NA,NA,NA,NA,NA,NA,NA,NA,NA
93,NA,NA,ncfdc_1998_riparian,Bulkley Houston-McKilligan,-126.50803424275301,54.45177019417619,21,0,0,Untitled Provincial,Tse Zul,GINEHKLAIYEX,LAKSILYU,SMALL FROG,HAGWILNEGH,0,0,0,0,0,0,0,0,0,0,0,0,NA,NA,NA,NA,NA,NA,NA,NA,NA,NA,NA,NA,NA,NA,NA
94,NA,NA,ncfdc_1998_riparian,Bulkley Houston-McKilligan,-126.50757779178365,54.449126706826725,11,0,0,Private,Tse Zul,GINEHKLAIYEX,LAKSILYU,SMALL FROG,HAGWILNEGH,0,0,0,0,0,0,0,0,0,0,0,0,NA,NA,NA,NA,NA,NA,NA,NA,NA,NA,NA,NA,NA,NA,NA
95,NA,NA,ncfdc_1998_riparian,Bulkley Houston-McKilligan,-126.50694289661985,54.44713580256224,11,0,0,Private,Tse Zul,GINEHKLAIYEX,LAKSILYU,SMALL FROG,HAGWILNEGH,0,0,0,0,0,0,0,0,0,0,0,0,NA,NA,NA,NA,NA,NA,NA,NA,NA,NA,NA,NA,NA,NA,NA
96,NA,NA,ncfdc_1998_riparian,Bulkley Houston-McKilligan,-126.50730277542057,54.44502159124332,11,0,0,Private,Tse Zul,GINEHKLAIYEX,LAKSILYU,SMALL FROG,HAGWILNEGH,0,0,0,0,0,0,0,0,0,0,0,0,NA,NA,NA,NA,NA,NA,NA,NA,NA,NA,NA,NA,NA,NA,NA
97,NA,NA,ncfdc_1998_riparian,Aitken Creek,-126.50713141815412,54.444541583981774,11,0,0,Private,Tse Zul,GINEHKLAIYEX,LAKSILYU,SMALL FROG,HAGWILNEGH,0,0,0,0,0,0,0,0,0,0,0,0,NA,NA,NA,NA,NA,NA,NA,NA,NA,NA,NA,NA,NA,NA,NA
98,NA,NA,ncfdc_1998_riparian,Aitken Creek,-126.50626539850684,54.440010720270116,21,0,0,Not Matched,Tse Zul,GINEHKLAIYEX,LAKSILYU,SMALL FROG,HAGWILNEGH,0,0,0,0,0,0,0,0,0,0,0,0,NA,NA,NA,NA,NA,NA,NA,NA,NA,NA,NA,NA,NA,NA,NA
99,NA,NA,ncfdc_1998_riparian,Aitken Creek,-126.49956421440885,54.436842508087835,21,0,0,Untitled Provincial,Tse Zul,GINEHKLAIYEX,LAKSILYU,SMALL FROG,HAGWILNEGH,0,0,0,0,0,0,0,0,0,0,0,0,NA,NA,NA,NA,NA,NA,NA,NA,NA,NA,NA,NA,NA,NA,NA
100,NA,NA,ncfdc_1998_riparian,Bulkley Houston-McKilligan,-126.52293604333312,54.46328721923416,20,0,1,Private,Ggusgi Be Wini,TSAIYEX,LAKSAAMISHYU,FIREWEED,SMOGELGEM,1,1,1,1,1,1,1,1,1,1,1,1,NA,NA,NA,NA,NA,NA,NA,NA,NA,NA,NA,NA,NA,NA,NA
101,NA,NA,ncfdc_1998_riparian,Bulkley Houston-McKilligan,-126.52526581545251,54.463550732206464,20,0,1,Private,Ggusgi Be Wini,TSAIYEX,LAKSAAMISHYU,FIREWEED,SMOGELGEM,1,1,1,1,1,1,1,1,1,1,1,1,NA,NA,NA,NA,NA,NA,NA,NA,NA,NA,NA,NA,NA,NA,NA
102,NA,NA,ncfdc_1998_riparian,Bulkley Houston-McKilligan,-126.5299690015877,54.463611038471676,17,0,0,Private,Ggusgi Be Wini,TSAIYEX,LAKSAAMISHYU,FIREWEED,SMOGELGEM,1,1,1,1,1,1,1,1,1,1,1,1,NA,NA,NA,NA,NA,NA,NA,NA,NA,NA,NA,NA,NA,NA,NA
103,NA,NA,ncfdc_1998_riparian,Bulkley Houston-McKilligan,-126.52988785620815,54.46444544246811,17,0,0,Private,Ggusgi Be Wini,TSAIYEX,LAKSAAMISHYU,FIREWEED,SMOGELGEM,1,1,1,1,1,1,1,1,1,1,1,1,NA,NA,NA,NA,NA,NA,NA,NA,NA,NA,NA,NA,NA,NA,NA
104,NA,NA,ncfdc_1998_riparian,Bulkley Houston-McKilligan,-126.53626692737731,54.47334088146046,27,0,0,Crown Provincial,Ggusgi Be Wini,TSAIYEX,LAKSAAMISHYU,FIREWEED,SMOGELGEM,1,1,1,1,1,1,1,1,1,1,1,1,NA,NA,NA,NA,NA,NA,NA,NA,NA,NA,NA,NA,NA,NA,NA
105,NA,NA,ncfdc_1998_riparian,Bulkley Houston-McKilligan,-126.53689308560168,54.47345253871757,27,0,0,Crown Provincial,Ggusgi Be Wini,TSAIYEX,LAKSAAMISHYU,FIREWEED,SMOGELGEM,1,1,1,1,1,1,1,1,1,1,1,1,NA,NA,NA,NA,NA,NA,NA,NA,NA,NA,NA,NA,NA,NA,NA
106,NA,NA,ncfdc_1998_riparian,Bulkley Houston-McKilligan,-126.54095013091728,54.473238522833014,27,0,0,Crown Provincial,Ggusgi Be Wini,TSAIYEX,LAKSAAMISHYU,FIREWEED,SMOGELGEM,1,1,1,1,1,1,1,1,1,1,1,1,NA,NA,NA,NA,NA,NA,NA,NA,NA,NA,NA,NA,NA,NA,NA
107,NA,NA,ncfdc_1998_riparian,Bulkley Houston-McKilligan,-126.5503835489019,54.47475168555664,27,0,0,Crown Provincial,Ggusgi Be Wini,TSAIYEX,LAKSAAMISHYU,FIREWEED,SMOGELGEM,1,1,1,1,1,1,1,1,1,1,1,1,NA,NA,NA,NA,NA,NA,NA,NA,NA,NA,NA,NA,NA,NA,NA
108,NA,NA,ncfdc_1998_riparian,Bulkley Houston-McKilligan,-126.55414404682972,54.476661809474216,27,0,0,Untitled Provincial,Ggusgi Be Wini,TSAIYEX,LAKSAAMISHYU,FIREWEED,SMOGELGEM,1,1,1,1,1,1,1,1,1,1,1,1,NA,NA,NA,NA,NA,NA,NA,NA,NA,NA,NA,NA,NA,NA,NA
109,NA,NA,ncfdc_1998_riparian,Bulkley Houston-McKilligan,-126.55414404682972,54.476661809474216,27,0,0,Untitled Provincial,Ggusgi Be Wini,TSAIYEX,LAKSAAMISHYU,FIREWEED,SMOGELGEM,1,1,1,1,1,1,1,1,1,1,1,1,NA,NA,NA,NA,NA,NA,NA,NA,NA,NA,NA,NA,NA,NA,NA
110,NA,NA,ncfdc_1998_riparian,Bulkley Houston-McKilligan,-126.55656920979224,54.478706630387855,27,0,0,Untitled Provincial,Ggusgi Be Wini,TSAIYEX,LAKSAAMISHYU,FIREWEED,SMOGELGEM,1,1,1,1,1,1,1,1,1,1,1,1,NA,NA,NA,NA,NA,NA,NA,NA,NA,NA,NA,NA,NA,NA,NA
111,NA,NA,ncfdc_1998_riparian,Bulkley Houston-McKilligan,-126.55876715602466,54.48042317430082,27,0,0,Untitled Provincial,Ggusgi Be Wini,TSAIYEX,LAKSAAMISHYU,FIREWEED,SMOGELGEM,1,1,1,1,1,1,1,1,1,1,1,1,NA,NA,NA,NA,NA,NA,NA,NA,NA,NA,NA,NA,NA,NA,NA
112,NA,NA,ncfdc_1998_riparian,Buck Creek Downstream Falls,-126.65626010351654,54.402390457925826,30,0,1,Local Government,Nelgi Cek,KWEN BEA YEX,LAKSILYU,SMALL FROG,WAH TAH KWETS,1,1,1,1,1,1,1,1,1,1,1,1,NA,NA,NA,NA,NA,NA,NA,NA,NA,NA,NA,NA,NA,NA,NA
113,NA,NA,ncfdc_1998_riparian,Buck Creek Downstream Falls,-126.65418018885998,54.40265570681038,30,0,1,Local Government,Nelgi Cek,KWEN BEA YEX,LAKSILYU,SMALL FROG,WAH TAH KWETS,1,1,1,1,1,1,1,1,1,1,1,1,NA,NA,NA,NA,NA,NA,NA,NA,NA,NA,NA,NA,NA,NA,NA
114,NA,NA,ncfdc_1998_riparian,Buck Creek Downstream Falls,-126.65400777391238,54.40189721791289,30,0,1,Local Government,Nelgi Cek,KWEN BEA YEX,LAKSILYU,SMALL FROG,WAH TAH KWETS,1,1,1,1,1,1,1,1,1,1,1,1,NA,NA,NA,NA,NA,NA,NA,NA,NA,NA,NA,NA,NA,NA,NA
115,NA,NA,ncfdc_1998_riparian,Buck Creek Downstream Falls,-126.65298163440907,54.39855106492262,30,0,1,Untitled Provincial,Nelgi Cek,KWEN BEA YEX,LAKSILYU,SMALL FROG,WAH TAH KWETS,1,1,1,1,1,1,1,1,1,1,1,1,NA,NA,NA,NA,NA,NA,NA,NA,NA,NA,NA,NA,NA,NA,NA
116,NA,NA,ncfdc_1998_riparian,Buck Creek Downstream Falls,-126.65298163440907,54.39855106492262,30,0,1,Untitled Provincial,Nelgi Cek,KWEN BEA YEX,LAKSILYU,SMALL FROG,WAH TAH KWETS,1,1,1,1,1,1,1,1,1,1,1,1,NA,NA,NA,NA,NA,NA,NA,NA,NA,NA,NA,NA,NA,NA,NA
117,NA,NA,ncfdc_1998_riparian,Buck Creek Downstream Falls,-126.64854910173908,54.39469808670348,30,0,1,Untitled Provincial,Nelgi Cek,KWEN BEA YEX,LAKSILYU,SMALL FROG,WAH TAH KWETS,1,1,1,1,1,1,1,1,1,1,1,1,NA,NA,NA,NA,NA,NA,NA,NA,NA,NA,NA,NA,NA,NA,NA
118,NA,NA,ncfdc_1998_riparian,Buck Creek Downstream Falls,-126.65443973515977,54.40134824849288,30,0,1,Local Government,Nelgi Cek,KWEN BEA YEX,LAKSILYU,SMALL FROG,WAH TAH KWETS,1,1,1,1,1,1,1,1,1,1,1,1,NA,NA,NA,NA,NA,NA,NA,NA,NA,NA,NA,NA,NA,NA,NA
119,NA,NA,ncfdc_1998_riparian,Buck Creek Downstream Falls,-126.63792470738184,54.38736173166162,30,0,1,Untitled Provincial,Nelgi Cek,KWEN BEA YEX,LAKSILYU,SMALL FROG,WAH TAH KWETS,1,1,1,1,1,1,1,1,1,1,1,1,NA,NA,NA,NA,NA,NA,NA,NA,NA,NA,NA,NA,NA,NA,NA
120,NA,NA,ncfdc_1998_riparian,Buck Creek Downstream Falls,-126.63468971764652,54.38576111753915,30,0,1,Untitled Provincial,Nelgi Cek,KWEN BEA YEX,LAKSILYU,SMALL FROG,WAH TAH KWETS,1,1,1,1,1,1,1,1,1,1,1,1,NA,NA,NA,NA,NA,NA,NA,NA,NA,NA,NA,NA,NA,NA,NA
121,NA,NA,ncfdc_1998_riparian,Buck Creek Downstream Falls,-126.63486697463311,54.38375087596565,20,0,1,Private,Nelgi Cek,KWEN BEA YEX,LAKSILYU,SMALL FROG,WAH TAH KWETS,1,1,1,1,1,1,1,1,1,1,1,1,NA,NA,NA,NA,NA,NA,NA,NA,NA,NA,NA,NA,NA,NA,NA
122,NA,NA,ncfdc_1998_riparian,Buck Creek Downstream Falls,-126.63492022010311,54.38148648885616,30,0,1,Crown Provincial,Nelgi Cek,KWEN BEA YEX,LAKSILYU,SMALL FROG,WAH TAH KWETS,1,1,1,1,1,1,1,1,1,1,1,1,NA,NA,NA,NA,NA,NA,NA,NA,NA,NA,NA,NA,NA,NA,NA
123,NA,NA,ncfdc_1998_riparian,Buck Creek Downstream Falls,-126.6348009911853,54.38088183511769,30,0,1,Crown Provincial,Nelgi Cek,KWEN BEA YEX,LAKSILYU,SMALL FROG,WAH TAH KWETS,1,1,1,1,1,1,1,1,1,1,1,1,NA,NA,NA,NA,NA,NA,NA,NA,NA,NA,NA,NA,NA,NA,NA
124,NA,NA,ncfdc_1998_riparian,Buck Creek Downstream Falls,-126.63015138049894,54.37444380299068,27,0,0,Crown Provincial,Nelgi Cek,KWEN BEA YEX,LAKSILYU,SMALL FROG,WAH TAH KWETS,1,1,1,1,1,1,1,1,1,1,1,1,NA,NA,NA,NA,NA,NA,NA,NA,NA,NA,NA,NA,NA,NA,NA
125,NA,NA,ncfdc_1998_riparian,Buck Creek Downstream Falls,-126.64854910173908,54.39469808670348,30,0,1,Untitled Provincial,Nelgi Cek,KWEN BEA YEX,LAKSILYU,SMALL FROG,WAH TAH KWETS,1,1,1,1,1,1,1,1,1,1,1,1,NA,NA,NA,NA,NA,NA,NA,NA,NA,NA,NA,NA,NA,NA,NA
126,NA,NA,ncfdc_1998_riparian,Buck Creek Downstream Falls,-126.64801977486982,54.39425626457996,30,0,1,Local Government,Nelgi Cek,KWEN BEA YEX,LAKSILYU,SMALL FROG,WAH TAH KWETS,1,1,1,1,1,1,1,1,1,1,1,1,NA,NA,NA,NA,NA,NA,NA,NA,NA,NA,NA,NA,NA,NA,NA
127,NA,NA,ncfdc_1998_riparian,Buck Creek Downstream Falls,-126.63505161976816,54.386163761143315,30,0,1,Untitled Provincial,Nelgi Cek,KWEN BEA YEX,LAKSILYU,SMALL FROG,WAH TAH KWETS,1,1,1,1,1,1,1,1,1,1,1,1,NA,NA,NA,NA,NA,NA,NA,NA,NA,NA,NA,NA,NA,NA,NA
128,NA,NA,ncfdc_1998_riparian,Buck Creek Downstream Falls,-126.63187339657108,54.37582608305791,27,0,0,Crown Provincial,Nelgi Cek,KWEN BEA YEX,LAKSILYU,SMALL FROG,WAH TAH KWETS,1,1,1,1,1,1,1,1,1,1,1,1,NA,NA,NA,NA,NA,NA,NA,NA,NA,NA,NA,NA,NA,NA,NA
129,NA,NA,ncfdc_1998_riparian,Buck Creek Downstream Falls,-126.64854910173908,54.39469808670348,30,0,1,Untitled Provincial,Nelgi Cek,KWEN BEA YEX,LAKSILYU,SMALL FROG,WAH TAH KWETS,1,1,1,1,1,1,1,1,1,1,1,1,NA,NA,NA,NA,NA,NA,NA,NA,NA,NA,NA,NA,NA,NA,NA
130,NA,NA,ncfdc_1998_riparian,Buck Creek Downstream Falls,-126.64801977486982,54.39425626457996,30,0,1,Local Government,Nelgi Cek,KWEN BEA YEX,LAKSILYU,SMALL FROG,WAH TAH KWETS,1,1,1,1,1,1,1,1,1,1,1,1,NA,NA,NA,NA,NA,NA,NA,NA,NA,NA,NA,NA,NA,NA,NA
131,NA,NA,ncfdc_1998_riparian,Buck Creek Downstream Falls,-126.63505161976816,54.386163761143315,30,0,1,Untitled Provincial,Nelgi Cek,KWEN BEA YEX,LAKSILYU,SMALL FROG,WAH TAH KWETS,1,1,1,1,1,1,1,1,1,1,1,1,NA,NA,NA,NA,NA,NA,NA,NA,NA,NA,NA,NA,NA,NA,NA
132,NA,NA,ncfdc_1998_riparian,Buck Creek Downstream Falls,-126.63187339657108,54.37582608305791,27,0,0,Crown Provincial,Nelgi Cek,KWEN BEA YEX,LAKSILYU,SMALL FROG,WAH TAH KWETS,1,1,1,1,1,1,1,1,1,1,1,1,NA,NA,NA,NA,NA,NA,NA,NA,NA,NA,NA,NA,NA,NA,NA
133,NA,NA,ncfdc_1998_riparian,Buck Creek Downstream Falls,-126.65432897980511,54.40274849563562,30,0,1,Local Government,Nelgi Cek,KWEN BEA YEX,LAKSILYU,SMALL FROG,WAH TAH KWETS,1,1,1,1,1,1,1,1,1,1,1,1,NA,NA,NA,NA,NA,NA,NA,NA,NA,NA,NA,NA,NA,NA,NA
134,NA,NA,ncfdc_1998_riparian,Buck Creek Downstream Falls,-126.65403845419432,54.39920089160652,30,0,1,Local Government,Nelgi Cek,KWEN BEA YEX,LAKSILYU,SMALL FROG,WAH TAH KWETS,1,1,1,1,1,1,1,1,1,1,1,1,NA,NA,NA,NA,NA,NA,NA,NA,NA,NA,NA,NA,NA,NA,NA
135,NA,NA,ncfdc_1998_riparian,Buck Creek Downstream Falls,-126.6498324467483,54.39596366857778,30,0,1,Local Government,Nelgi Cek,KWEN BEA YEX,LAKSILYU,SMALL FROG,WAH TAH KWETS,1,1,1,1,1,1,1,1,1,1,1,1,NA,NA,NA,NA,NA,NA,NA,NA,NA,NA,NA,NA,NA,NA,NA
136,NA,NA,ncfdc_1998_riparian,Buck Creek Downstream Falls,-126.64267583328785,54.39207537302125,30,0,1,Untitled Provincial,Nelgi Cek,KWEN BEA YEX,LAKSILYU,SMALL FROG,WAH TAH KWETS,1,1,1,1,1,1,1,1,1,1,1,1,NA,NA,NA,NA,NA,NA,NA,NA,NA,NA,NA,NA,NA,NA,NA
137,NA,NA,ncfdc_1998_riparian,Buck Creek Downstream Falls,-126.63722679254595,54.38851674314332,30,0,1,Untitled Provincial,Nelgi Cek,KWEN BEA YEX,LAKSILYU,SMALL FROG,WAH TAH KWETS,1,1,1,1,1,1,1,1,1,1,1,1,NA,NA,NA,NA,NA,NA,NA,NA,NA,NA,NA,NA,NA,NA,NA
138,NA,NA,ncfdc_1998_riparian,Buck Creek Downstream Falls,-126.63649165143698,54.38629984900096,30,0,1,Untitled Provincial,Nelgi Cek,KWEN BEA YEX,LAKSILYU,SMALL FROG,WAH TAH KWETS,1,1,1,1,1,1,1,1,1,1,1,1,NA,NA,NA,NA,NA,NA,NA,NA,NA,NA,NA,NA,NA,NA,NA
139,NA,NA,ncfdc_1998_riparian,Buck Creek Downstream Falls,-126.63486955741936,54.38370597756976,20,0,1,Private,Nelgi Cek,KWEN BEA YEX,LAKSILYU,SMALL FROG,WAH TAH KWETS,1,1,1,1,1,1,1,1,1,1,1,1,NA,NA,NA,NA,NA,NA,NA,NA,NA,NA,NA,NA,NA,NA,NA
140,NA,NA,ncfdc_1998_riparian,Buck Creek Downstream Falls,-126.63410518807112,54.37959164298592,27,0,0,Crown Provincial,Nelgi Cek,KWEN BEA YEX,LAKSILYU,SMALL FROG,WAH TAH KWETS,1,1,1,1,1,1,1,1,1,1,1,1,NA,NA,NA,NA,NA,NA,NA,NA,NA,NA,NA,NA,NA,NA,NA
141,NA,NA,ncfdc_1998_riparian,Buck Creek Downstream Falls,-126.62891375283299,54.3697357890729,30,0,1,Crown Provincial,Nelgi Cek,KWEN BEA YEX,LAKSILYU,SMALL FROG,WAH TAH KWETS,1,1,1,1,1,1,1,1,1,1,1,1,NA,NA,NA,NA,NA,NA,NA,NA,NA,NA,NA,NA,NA,NA,NA
142,NA,NA,ncfdc_1998_riparian,Buck Creek Downstream Falls,-126.6579096099538,54.40264721727552,30,0,1,Local Government,Nelgi Cek,KWEN BEA YEX,LAKSILYU,SMALL FROG,WAH TAH KWETS,1,1,1,1,1,1,1,1,1,1,1,1,NA,NA,NA,NA,NA,NA,NA,NA,NA,NA,NA,NA,NA,NA,NA
143,NA,NA,ncfdc_1998_riparian,Buck Creek Downstream Falls,-126.65557881053176,54.402988529846766,30,0,1,Local Government,Nelgi Cek,KWEN BEA YEX,LAKSILYU,SMALL FROG,WAH TAH KWETS,1,1,1,1,1,1,1,1,1,1,1,1,NA,NA,NA,NA,NA,NA,NA,NA,NA,NA,NA,NA,NA,NA,NA
144,NA,NA,ncfdc_1998_riparian,Buck Creek Downstream Falls,-126.65404832848745,54.40253627761641,30,0,1,Local Government,Nelgi Cek,KWEN BEA YEX,LAKSILYU,SMALL FROG,WAH TAH KWETS,1,1,1,1,1,1,1,1,1,1,1,1,NA,NA,NA,NA,NA,NA,NA,NA,NA,NA,NA,NA,NA,NA,NA
145,NA,NA,ncfdc_1998_riparian,Buck Creek Downstream Falls,-126.64964317190005,54.39577119813858,30,0,1,Local Government,Nelgi Cek,KWEN BEA YEX,LAKSILYU,SMALL FROG,WAH TAH KWETS,1,1,1,1,1,1,1,1,1,1,1,1,NA,NA,NA,NA,NA,NA,NA,NA,NA,NA,NA,NA,NA,NA,NA
146,NA,NA,ncfdc_1998_riparian,Buck Creek Downstream Falls,-126.64379907882979,54.39236699955476,30,0,1,Untitled Provincial,Nelgi Cek,KWEN BEA YEX,LAKSILYU,SMALL FROG,WAH TAH KWETS,1,1,1,1,1,1,1,1,1,1,1,1,NA,NA,NA,NA,NA,NA,NA,NA,NA,NA,NA,NA,NA,NA,NA
147,NA,NA,ncfdc_1998_riparian,Buck Creek Downstream Falls,-126.64092547033272,54.39116916457137,30,0,1,Untitled Provincial,Nelgi Cek,KWEN BEA YEX,LAKSILYU,SMALL FROG,WAH TAH KWETS,1,1,1,1,1,1,1,1,1,1,1,1,NA,NA,NA,NA,NA,NA,NA,NA,NA,NA,NA,NA,NA,NA,NA
148,NA,NA,ncfdc_1998_riparian,Buck Creek Downstream Falls,-126.63904022634019,54.39046705648085,30,0,1,Untitled Provincial,Nelgi Cek,KWEN BEA YEX,LAKSILYU,SMALL FROG,WAH TAH KWETS,1,1,1,1,1,1,1,1,1,1,1,1,NA,NA,NA,NA,NA,NA,NA,NA,NA,NA,NA,NA,NA,NA,NA
149,NA,NA,ncfdc_1998_riparian,Buck Creek Upstream Falls,-126.27023645268739,54.144118082874165,30,0,1,Not Matched,Nelhdzi Tezdli Bin,TSA K'EX YEX,TSAYU,BEAVER,NAMOX,1,1,1,1,1,1,1,1,1,1,1,1,NA,NA,NA,NA,NA,NA,NA,NA,NA,NA,NA,NA,NA,NA,NA
150,NA,NA,ncfdc_1998_riparian,Buck Creek Upstream Falls,-126.40924995482145,54.195902333871835,30,0,1,Not Matched,Nelhdzi Tezdli Bin,TSA K'EX YEX,TSAYU,BEAVER,NAMOX,1,1,1,1,1,1,1,1,1,1,1,1,NA,NA,NA,NA,NA,NA,NA,NA,NA,NA,NA,NA,NA,NA,NA
151,NA,NA,ncfdc_1998_riparian,Buck Creek Upstream Falls,-126.41142181370223,54.1974594545643,27,0,0,Not Matched,Nelhdzi Tezdli Bin,TSA K'EX YEX,TSAYU,BEAVER,NAMOX,1,1,1,1,1,1,1,1,1,1,1,1,NA,NA,NA,NA,NA,NA,NA,NA,NA,NA,NA,NA,NA,NA,NA
152,NA,NA,ncfdc_1998_riparian,Buck Creek Downstream Falls,-126.62170965609897,54.360388397291175,20,0,1,Private,Nelgi Cek,KWEN BEA YEX,LAKSILYU,SMALL FROG,WAH TAH KWETS,1,1,1,1,1,1,1,1,1,1,1,1,NA,NA,NA,NA,NA,NA,NA,NA,NA,NA,NA,NA,NA,NA,NA
153,NA,NA,ncfdc_1998_riparian,Buck Creek Downstream Falls,-126.62098764434047,54.36089557416808,20,0,1,Private,Nelgi Cek,KWEN BEA YEX,LAKSILYU,SMALL FROG,WAH TAH KWETS,1,1,1,1,1,1,1,1,1,1,1,1,NA,NA,NA,NA,NA,NA,NA,NA,NA,NA,NA,NA,NA,NA,NA
154,NA,NA,ncfdc_1998_riparian,Buck Creek Downstream Falls,-126.6200636498488,54.361434722117984,20,0,1,Private,Nelgi Cek,KWEN BEA YEX,LAKSILYU,SMALL FROG,WAH TAH KWETS,1,1,1,1,1,1,1,1,1,1,1,1,NA,NA,NA,NA,NA,NA,NA,NA,NA,NA,NA,NA,NA,NA,NA
155,NA,NA,ncfdc_1998_riparian,Buck Creek Downstream Falls,-126.61926181157435,54.36172455756488,17,0,0,Private,Nelgi Cek,KWEN BEA YEX,LAKSILYU,SMALL FROG,WAH TAH KWETS,1,1,1,1,1,1,1,1,1,1,1,1,NA,NA,NA,NA,NA,NA,NA,NA,NA,NA,NA,NA,NA,NA,NA
156,NA,NA,ncfdc_1998_riparian,NA,-126.81256373689273,54.449839405730664,15,0,1,Private,C'idi To Stan,TSAIYEX,LAKSAAMISHYU,FIREWEED,SMOGELGEM,1,1,1,1,1,1,1,1,1,1,1,1,NA,NA,NA,NA,NA,NA,NA,NA,NA,NA,NA,NA,NA,NA,NA
157,NA,NA,ncfdc_1998_riparian,NA,-126.81315561542884,54.44828597419767,25,0,1,Crown Provincial,C'idi To Stan,TSAIYEX,LAKSAAMISHYU,FIREWEED,SMOGELGEM,1,1,1,1,1,1,1,1,1,1,1,1,NA,NA,NA,NA,NA,NA,NA,NA,NA,NA,NA,NA,NA,NA,NA
158,NA,NA,ncfdc_1998_riparian,NA,-126.81390154747108,54.44673532818988,15,0,1,Private,C'idi To Stan,TSAIYEX,LAKSAAMISHYU,FIREWEED,SMOGELGEM,1,1,1,1,1,1,1,1,1,1,1,1,NA,NA,NA,NA,NA,NA,NA,NA,NA,NA,NA,NA,NA,NA,NA
159,NA,NA,ncfdc_1998_riparian,NA,-126.81530826701362,54.44696753604336,25,0,1,Crown Provincial,C'idi To Stan,TSAIYEX,LAKSAAMISHYU,FIREWEED,SMOGELGEM,1,1,1,1,1,1,1,1,1,1,1,1,NA,NA,NA,NA,NA,NA,NA,NA,NA,NA,NA,NA,NA,NA,NA
160,NA,NA,ncfdc_1998_riparian,NA,-126.81259081323311,54.45019947052662,15,0,1,Private,C'idi To Stan,TSAIYEX,LAKSAAMISHYU,FIREWEED,SMOGELGEM,1,1,1,1,1,1,1,1,1,1,1,1,NA,NA,NA,NA,NA,NA,NA,NA,NA,NA,NA,NA,NA,NA,NA
161,NA,NA,ncfdc_1998_riparian,NA,-127.67251458130869,55.248040672130685,27,0,1,Crown Provincial,NA,NA,NA,NA,NA,1,1,1,1,1,1,1,1,1,1,1,1,NA,NA,NA,NA,NA,NA,NA,NA,NA,NA,NA,NA,NA,NA,NA
162,NA,NA,ncfdc_1998_riparian,NA,-127.66322548909955,55.25295397519467,27,0,1,Local Government,NA,NA,NA,NA,NA,1,1,1,1,1,1,1,1,1,1,1,1,NA,NA,NA,NA,NA,NA,NA,NA,NA,NA,NA,NA,NA,NA,NA
163,NA,NA,ncfdc_1998_riparian,NA,-127.6505327258676,55.24772770236787,27,0,1,Crown Provincial,NA,NA,NA,NA,NA,1,1,1,1,1,1,1,1,1,1,1,1,NA,NA,NA,NA,NA,NA,NA,NA,NA,NA,NA,NA,NA,NA,NA
164,NA,NA,ncfdc_1998_riparian,NA,-127.63429013070343,55.25025209543427,27,0,1,Crown Provincial,NA,NA,NA,NA,NA,1,1,1,1,1,1,1,1,1,1,1,1,NA,NA,NA,NA,NA,NA,NA,NA,NA,NA,NA,NA,NA,NA,NA
165,NA,NA,ncfdc_1998_riparian,NA,-127.62905956019111,55.25229639984054,27,0,1,Crown Provincial,NA,NA,NA,NA,NA,1,1,1,1,1,1,1,1,1,1,1,1,NA,NA,NA,NA,NA,NA,NA,NA,NA,NA,NA,NA,NA,NA,NA
166,NA,NA,ncfdc_1998_riparian,NA,-127.61932812124665,55.255260243488614,17,0,1,Private,NA,NA,NA,NA,NA,1,1,1,1,1,1,1,1,1,1,1,1,NA,NA,NA,NA,NA,NA,NA,NA,NA,NA,NA,NA,NA,NA,NA
167,NA,NA,ncfdc_1998_riparian,NA,-127.60438637981592,55.25733705470298,27,0,1,Federal,NA,NA,NA,NA,NA,1,1,1,1,1,1,1,1,1,1,1,1,NA,NA,NA,NA,NA,NA,NA,NA,NA,NA,NA,NA,NA,NA,NA
168,NA,NA,ncfdc_1998_riparian,NA,-127.60334332820761,55.26105471712364,27,0,1,Federal,NA,NA,NA,NA,NA,1,1,1,1,1,1,1,1,1,1,1,1,NA,NA,NA,NA,NA,NA,NA,NA,NA,NA,NA,NA,NA,NA,NA
169,NA,NA,ncfdc_1998_riparian,NA,-127.58001942798359,55.26287958879658,17,0,1,Private,NA,NA,NA,NA,NA,1,1,1,1,1,1,1,1,1,1,1,1,NA,NA,NA,NA,NA,NA,NA,NA,NA,NA,NA,NA,NA,NA,NA
170,NA,NA,ncfdc_1998_riparian,NA,-127.5658939717114,55.258760164238325,27,0,1,Crown Provincial,NA,NA,NA,NA,NA,1,1,1,1,1,1,1,1,1,1,1,1,NA,NA,NA,NA,NA,NA,NA,NA,NA,NA,NA,NA,NA,NA,NA
171,NA,NA,ncfdc_1998_riparian,NA,-127.66031951362669,55.25234695151991,27,0,1,Local Government,NA,NA,NA,NA,NA,1,1,1,1,1,1,1,1,1,1,1,1,NA,NA,NA,NA,NA,NA,NA,NA,NA,NA,NA,NA,NA,NA,NA
172,NA,NA,ncfdc_1998_riparian,NA,-127.65586673954276,55.25049162618064,27,0,1,Local Government,NA,NA,NA,NA,NA,1,1,1,1,1,1,1,1,1,1,1,1,NA,NA,NA,NA,NA,NA,NA,NA,NA,NA,NA,NA,NA,NA,NA
173,NA,NA,ncfdc_1998_riparian,NA,-127.652480625875,55.2473448133875,27,0,1,Crown Provincial,NA,NA,NA,NA,NA,1,1,1,1,1,1,1,1,1,1,1,1,NA,NA,NA,NA,NA,NA,NA,NA,NA,NA,NA,NA,NA,NA,NA
174,NA,NA,ncfdc_1998_riparian,NA,-127.64251508132163,55.2494182000699,27,0,1,Crown Provincial,NA,NA,NA,NA,NA,1,1,1,1,1,1,1,1,1,1,1,1,NA,NA,NA,NA,NA,NA,NA,NA,NA,NA,NA,NA,NA,NA,NA
175,NA,NA,ncfdc_1998_riparian,NA,-127.62902779683164,55.25230503000359,27,0,1,Crown Provincial,NA,NA,NA,NA,NA,1,1,1,1,1,1,1,1,1,1,1,1,NA,NA,NA,NA,NA,NA,NA,NA,NA,NA,NA,NA,NA,NA,NA
176,NA,NA,ncfdc_1998_riparian,NA,-127.6147503936638,55.257041715394756,27,0,1,Federal,NA,NA,NA,NA,NA,1,1,1,1,1,1,1,1,1,1,1,1,NA,NA,NA,NA,NA,NA,NA,NA,NA,NA,NA,NA,NA,NA,NA
177,NA,NA,ncfdc_1998_riparian,NA,-127.58802781981015,55.26559668515218,17,0,1,Private,NA,NA,NA,NA,NA,1,1,1,1,1,1,1,1,1,1,1,1,NA,NA,NA,NA,NA,NA,NA,NA,NA,NA,NA,NA,NA,NA,NA
178,NA,NA,ncfdc_1998_riparian,NA,-127.57859779291796,55.260382630648564,27,0,1,Local Government,NA,NA,NA,NA,NA,1,1,1,1,1,1,1,1,1,1,1,1,NA,NA,NA,NA,NA,NA,NA,NA,NA,NA,NA,NA,NA,NA,NA
179,NA,NA,ncfdc_1998_riparian,NA,-127.528021385191,55.26930049816826,17,0,1,Private,NA,NA,NA,NA,NA,1,1,1,1,1,1,1,1,1,1,1,1,NA,NA,NA,NA,NA,NA,NA,NA,NA,NA,NA,NA,NA,NA,NA
180,NA,NA,ncfdc_1998_riparian,NA,-127.52504808481582,55.268833231038435,17,0,1,Private,NA,NA,NA,NA,NA,1,1,1,1,1,1,1,1,1,1,1,1,NA,NA,NA,NA,NA,NA,NA,NA,NA,NA,NA,NA,NA,NA,NA
181,NA,NA,ncfdc_1998_riparian,NA,-127.52360899280386,55.268591158252384,17,0,1,Private,NA,NA,NA,NA,NA,1,1,1,1,1,1,1,1,1,1,1,1,NA,NA,NA,NA,NA,NA,NA,NA,NA,NA,NA,NA,NA,NA,NA
182,NA,NA,ncfdc_1998_riparian,NA,-127.51806637725821,55.26822742546253,17,0,1,Private,NA,NA,NA,NA,NA,1,1,1,1,1,1,1,1,1,1,1,1,NA,NA,NA,NA,NA,NA,NA,NA,NA,NA,NA,NA,NA,NA,NA
183,NA,NA,ncfdc_1998_riparian,NA,-127.5119211590859,55.26672372313911,27,0,1,Untitled Provincial,NA,NA,NA,NA,NA,1,1,1,1,1,1,1,1,1,1,1,1,NA,NA,NA,NA,NA,NA,NA,NA,NA,NA,NA,NA,NA,NA,NA
184,NA,NA,ncfdc_1998_riparian,NA,-127.50831218211314,55.26516984368799,27,0,1,Untitled Provincial,NA,NA,NA,NA,NA,1,1,1,1,1,1,1,1,1,1,1,1,NA,NA,NA,NA,NA,NA,NA,NA,NA,NA,NA,NA,NA,NA,NA
185,NA,NA,ncfdc_1998_riparian,NA,-127.50656746677033,55.26469016867029,27,0,1,Untitled Provincial,NA,NA,NA,NA,NA,1,1,1,1,1,1,1,1,1,1,1,1,NA,NA,NA,NA,NA,NA,NA,NA,NA,NA,NA,NA,NA,NA,NA
186,NA,NA,ncfdc_1998_riparian,NA,-127.50474232293546,55.2646768124539,27,0,1,Untitled Provincial,NA,NA,NA,NA,NA,1,1,1,1,1,1,1,1,1,1,1,1,NA,NA,NA,NA,NA,NA,NA,NA,NA,NA,NA,NA,NA,NA,NA
187,NA,NA,ncfdc_1998_riparian,NA,-127.50265602195348,55.264911864608024,27,0,1,Untitled Provincial,NA,NA,NA,NA,NA,1,1,1,1,1,1,1,1,1,1,1,1,NA,NA,NA,NA,NA,NA,NA,NA,NA,NA,NA,NA,NA,NA,NA
188,NA,NA,ncfdc_1998_riparian,NA,-127.4933593048178,55.26021404125586,27,0,1,Crown Provincial,NA,NA,NA,NA,NA,1,1,1,1,1,1,1,1,1,1,1,1,NA,NA,NA,NA,NA,NA,NA,NA,NA,NA,NA,NA,NA,NA,NA
189,NA,NA,ncfdc_1998_riparian,NA,-127.4793992743304,55.263141491151124,27,0,1,Untitled Provincial,NA,NA,NA,NA,NA,1,1,1,1,1,1,1,1,1,1,1,1,NA,NA,NA,NA,NA,NA,NA,NA,NA,NA,NA,NA,NA,NA,NA
190,NA,NA,ncfdc_1998_riparian,NA,-127.46021462927007,55.25785918889028,27,0,1,Untitled Provincial,NA,NA,NA,NA,NA,1,1,1,1,1,1,1,1,1,1,1,1,NA,NA,NA,NA,NA,NA,NA,NA,NA,NA,NA,NA,NA,NA,NA
191,NA,NA,ncfdc_1998_riparian,NA,-127.45435870870294,55.25548445356175,30,0,1,Untitled Provincial,NA,NA,NA,NA,NA,1,1,1,1,1,1,1,1,1,1,1,1,NA,NA,NA,NA,NA,NA,NA,NA,NA,NA,NA,NA,NA,NA,NA
192,NA,NA,ncfdc_1998_riparian,NA,-127.45300434758407,55.253894536377985,27,0,1,Untitled Provincial,NA,NA,NA,NA,NA,1,1,1,1,1,1,1,1,1,1,1,1,NA,NA,NA,NA,NA,NA,NA,NA,NA,NA,NA,NA,NA,NA,NA
193,NA,NA,ncfdc_1998_riparian,NA,-127.45329828238175,55.24875758697255,27,0,1,Untitled Provincial,NA,NA,NA,NA,NA,1,1,1,1,1,1,1,1,1,1,1,1,NA,NA,NA,NA,NA,NA,NA,NA,NA,NA,NA,NA,NA,NA,NA
194,NA,NA,ncfdc_1998_riparian,NA,-127.45943680606823,55.2348511509773,27,0,1,Crown Provincial,NA,NA,NA,NA,NA,1,1,1,1,1,1,1,1,1,1,1,1,NA,NA,NA,NA,NA,NA,NA,NA,NA,NA,NA,NA,NA,NA,NA
195,NA,NA,ncfdc_1998_riparian,NA,-127.44751861411133,55.23155456331142,27,0,1,Untitled Provincial,NA,NA,NA,NA,NA,1,1,1,1,1,1,1,1,1,1,1,1,NA,NA,NA,NA,NA,NA,NA,NA,NA,NA,NA,NA,NA,NA,NA
196,NA,NA,ncfdc_1998_riparian,NA,-127.44488617893869,55.2180132141703,27,0,1,Untitled Provincial,NA,NA,NA,NA,NA,1,1,1,1,1,1,1,1,1,1,1,1,NA,NA,NA,NA,NA,NA,NA,NA,NA,NA,NA,NA,NA,NA,NA
197,NA,NA,ncfdc_1998_riparian,NA,-127.66941957030606,55.251215291510775,27,0,1,Local Government,NA,NA,NA,NA,NA,1,1,1,1,1,1,1,1,1,1,1,1,NA,NA,NA,NA,NA,NA,NA,NA,NA,NA,NA,NA,NA,NA,NA
198,NA,NA,ncfdc_1998_riparian,NA,-127.66694371623196,55.25232961126522,27,0,1,Local Government,NA,NA,NA,NA,NA,1,1,1,1,1,1,1,1,1,1,1,1,NA,NA,NA,NA,NA,NA,NA,NA,NA,NA,NA,NA,NA,NA,NA
199,NA,NA,ncfdc_1998_riparian,NA,-127.65616039006527,55.25064763732565,27,0,1,Local Government,NA,NA,NA,NA,NA,1,1,1,1,1,1,1,1,1,1,1,1,NA,NA,NA,NA,NA,NA,NA,NA,NA,NA,NA,NA,NA,NA,NA
200,NA,NA,ncfdc_1998_riparian,NA,-127.63315475858163,55.2507875890753,27,0,1,Crown Provincial,NA,NA,NA,NA,NA,1,1,1,1,1,1,1,1,1,1,1,1,NA,NA,NA,NA,NA,NA,NA,NA,NA,NA,NA,NA,NA,NA,NA
201,NA,NA,ncfdc_1998_riparian,NA,-127.62205792497652,55.25458112256137,17,0,1,Private,NA,NA,NA,NA,NA,1,1,1,1,1,1,1,1,1,1,1,1,NA,NA,NA,NA,NA,NA,NA,NA,NA,NA,NA,NA,NA,NA,NA
202,NA,NA,ncfdc_1998_riparian,NA,-127.6187679759237,55.25553250161526,17,0,1,Private,NA,NA,NA,NA,NA,1,1,1,1,1,1,1,1,1,1,1,1,NA,NA,NA,NA,NA,NA,NA,NA,NA,NA,NA,NA,NA,NA,NA
203,NA,NA,ncfdc_1998_riparian,NA,-127.61541787711232,55.256851575756656,27,0,1,Federal,NA,NA,NA,NA,NA,1,1,1,1,1,1,1,1,1,1,1,1,NA,NA,NA,NA,NA,NA,NA,NA,NA,NA,NA,NA,NA,NA,NA
204,NA,NA,ncfdc_1998_riparian,NA,-127.6124215901637,55.25704222446715,27,0,1,Federal,NA,NA,NA,NA,NA,1,1,1,1,1,1,1,1,1,1,1,1,NA,NA,NA,NA,NA,NA,NA,NA,NA,NA,NA,NA,NA,NA,NA
205,Meints_01,NA,form_monitoring_ree_2024.gpkg,Bulkley Houston-McKilligan,-126.5155257511008,54.46002450046399,20,0,1,Private,Tse Zul,GINEHKLAIYEX,LAKSILYU,SMALL FROG,HAGWILNEGH,1,1,1,1,1,1,1,1,1,1,1,1,NA,NA,NA,NA,NA,NA,NA,NA,NA,NA,NA,NA,NA,NA,NA
206,NA,NA,form_monitoring_ree_20240923.gpkg,Bulkley Houston-McKilligan,-126.48093647876435,54.478241064872,17,0,0,Private,Tse Zul,GINEHKLAIYEX,LAKSILYU,SMALL FROG,HAGWILNEGH,1,1,1,1,1,1,1,1,1,1,1,1,NA,NA,NA,NA,NA,NA,NA,NA,NA,NA,NA,NA,NA,NA,NA
207,NA,NA,form_monitoring_ree_20240923.gpkg,Bulkley Houston-McKilligan,-126.49327387679935,54.47113488006013,20,0,1,Private,Ggusgi Be Wini,TSAIYEX,LAKSAAMISHYU,FIREWEED,SMOGELGEM,1,1,1,1,1,1,1,1,1,1,1,1,NA,NA,NA,NA,NA,NA,NA,NA,NA,NA,NA,NA,NA,NA,NA
208,NA,NA,form_monitoring_ree_20240923.gpkg,Bulkley Houston-McKilligan,-126.50446756344597,54.470575523206215,14,0,1,Private,Ggusgi Be Wini,TSAIYEX,LAKSAAMISHYU,FIREWEED,SMOGELGEM,0,0,0,0,0,0,0,0,0,0,0,0,NA,NA,NA,NA,NA,NA,NA,NA,NA,NA,NA,NA,NA,NA,NA
